Workbook

Sheet Raw Data
A1: SALES RAW DATA — JAN to DEC 2024 | B1: Column1 | C1: Column2 | D1: Column3 | E1: Column4 | F1: Column5 | G1: Column6 | H1: Column7
A2: Date | B2: Month | C2: Region | D2: Product Category | E2: Units Sold | F2: Unit Price (Rs.) | G2: Total Sales (Rs.) | H2: Target (Rs.)
A3: 01/01/2024 | B3: January | C3: North | D3: Electronics | E3: 213 | F3: 199 | G3: 42387 | H3: 36346
A4: 01/01/2024 | B4: January | C4: North | D4: Clothing | E4: 120 | F4: 299 | G4: 35880 | H4: 32900
A5: 01/01/2024 | B5: January | C5: North | D5: Grocery | E5: 238 | F5: 199 | G5: 47362 | H5: 49872
A6: 01/01/2024 | B6: January | C6: North | D6: Home Appliances | E6: 278 | F6: 999 | G6: 277722 | H6: 243307
A7: 01/01/2024 | B7: January | C7: North | D7: Sports | E7: 158 | F7: 199 | G7: 31442 | H7: 27006
A8: 01/01/2024 | B8: January | C8: South | D8: Electronics | E8: 105 | F8: 299 | G8: 31395 | H8: 31445
A9: 01/01/2024 | B9: January | C9: South | D9: Clothing | E9: 56 | F9: 999 | G9: 55944 | H9: 50889
A10: 01/01/2024 | B10: January | C10: South | D10: Grocery | E10: 216 | F10: 1499 | G10: 323784 | H10: 328149
A11: 01/01/2024 | B11: January | C11: South | D11: Home Appliances | E11: 106 | F11: 799 | G11: 84694 | H11: 86962
A12: 01/01/2024 | B12: January | C12: South | D12: Sports | E12: 257 | F12: 1999 | G12: 513743 | H12: 437683
A13: 01/01/2024 | B13: January | C13: East | D13: Electronics | E13: 256 | F13: 299 | G13: 76544 | H13: 81093
A14: 01/01/2024 | B14: January | C14: East | D14: Clothing | E14: 137 | F14: 499 | G14: 68363 | H14: 61297
... A302: 12/01/2024 | B302: December | C302: Central | D302: Sports | E302: 240 | F302: 999 | G302: 239760 | H302: 272190

Sheet Monthly MIS Report
A1: MONTHLY MIS REPORT — SALES PERFORMANCE 2024
A2: Prepared by: Animesh Ruhela | Department: Sales Analytics | Period: Jan–Dec 2024
A4: Month | B4: Total Sales (Rs.) | C4: Target (Rs.) | D4: Achievement % | E4: MOM Growth % | F4: Units Sold | G4: Avg Sale/Unit (Rs.) | H4: Status
A5: January | B5: =SUMIF('Raw Data'!B:B,A5,'Raw Data'!G:G) -> 3900010 | C5: =SUMIF('Raw Data'!B:B,A5,'Raw Data'!H:H) -> 3719925 | D5: =IFERROR(B5/C5,0) -> 1.0484109 | E5: N/A | F5: =SUMIF('Raw Data'!B:B,A5,'Raw Data'!E:E) -> 4590 | G5: =IFERROR(B5/F5,0) -> 849.67538 | H5: =IF(D5>=1,"✅ Achieved","⚠️ Below Target") -> ✅ Achieved
A6: February | B6: =SUMIF('Raw Data'!B:B,A6,'Raw Data'!G:G) -> 4124991 | C6: =SUMIF('Raw Data'!B:B,A6,'Raw Data'!H:H) -> 4118669 | D6: =IFERROR(B6/C6,0) -> 1.001535 | E6: =IFERROR((B6-B5)/B5,0) -> 0.057687288 | F6: =SUMIF('Raw Data'!B:B,A6,'Raw Data'!E:E) -> 4309 | G6: =IFERROR(B6/F6,0) -> 957.29659 | H6: =IF(D6>=1,"✅ Achieved","⚠️ Below Target") -> ✅ Achieved
A7: March | B7: =SUMIF('Raw Data'!B:B,A7,'Raw Data'!G:G) -> 3987163 | C7: =SUMIF('Raw Data'!B:B,A7,'Raw Data'!H:H) -> 3985593 | D7: =IFERROR(B7/C7,0) -> 1.0003939 | E7: =IFERROR((B7-B6)/B6,0) -> -0.033412921 | F7: =SUMIF('Raw Data'!B:B,A7,'Raw Data'!E:E) -> 4437 | G7: =IFERROR(B7/F7,0) -> 898.61686 | H7: =IF(D7>=1,"✅ Achieved","⚠️ Below Target") -> ✅ Achieved
A8: April | B8: =SUMIF('Raw Data'!B:B,A8,'Raw Data'!G:G) -> 4072306 | C8: =SUMIF('Raw Data'!B:B,A8,'Raw Data'!H:H) -> 4199450 | D8: =IFERROR(B8/C8,0) -> 0.96972365 | E8: =IFERROR((B8-B7)/B7,0) -> 0.021354281 | F8: =SUMIF('Raw Data'!B:B,A8,'Raw Data'!E:E) -> 3994 | G8: =IFERROR(B8/F8,0) -> 1019.6059 | H8: =IF(D8>=1,"✅ Achieved","⚠️ Below Target") -> ⚠️ Below Target
A9: May | B9: =SUMIF('Raw Data'!B:B,A9,'Raw Data'!G:G) -> 3515793 | C9: =SUMIF('Raw Data'!B:B,A9,'Raw Data'!H:H) -> 3585945 | D9: =IFERROR(B9/C9,0) -> 0.98043696 | E9: =IFERROR((B9-B8)/B8,0) -> -0.13665795 | F9: =SUMIF('Raw Data'!B:B,A9,'Raw Data'!E:E) -> 3907 | G9: =IFERROR(B9/F9,0) -> 899.87023 | H9: =IF(D9>=1,"✅ Achieved","⚠️ Below Target") -> ⚠️ Below Target
A10: June | B10: =SUMIF('Raw Data'!B:B,A10,'Raw Data'!G:G) -> 4425759 | C10: =SUMIF('Raw Data'!B:B,A10,'Raw Data'!H:H) -> 4303496 | D10: =IFERROR(B10/C10,0) -> 1.0284102 | E10: =IFERROR((B10-B9)/B9,0) -> 0.25882241 | F10: =SUMIF('Raw Data'!B:B,A10,'Raw Data'!E:E) -> 4641 | G10: =IFERROR(B10/F10,0) -> 953.62185 | H10: =IF(D10>=1,"✅ Achieved","⚠️ Below Target") -> ✅ Achieved
A11: July | B11: =SUMIF('Raw Data'!B:B,A11,'Raw Data'!G:G) -> 4820268 | C11: =SUMIF('Raw Data'!B:B,A11,'Raw Data'!H:H) -> 4786397 | D11: =IFERROR(B11/C11,0) -> 1.0070765 | E11: =IFERROR((B11-B10)/B10,0) -> 0.089139287 | F11: =SUMIF('Raw Data'!B:B,A11,'Raw Data'!E:E) -> 4632 | G11: =IFERROR(B11/F11,0) -> 1040.6451 | H11: =IF(D11>=1,"✅ Achieved","⚠️ Below Target") -> ✅ Achieved
A12: August | B12: =SUMIF('Raw Data'!B:B,A12,'Raw Data'!G:G) -> 4732567 | C12: =SUMIF('Raw Data'!B:B,A12,'Raw Data'!H:H) -> 4762496 | D12: =IFERROR(B12/C12,0) -> 0.99371569 | E12: =IFERROR((B12-B11)/B11,0) -> -0.018194217 | F12: =SUMIF('Raw Data'!B:B,A12,'Raw Data'!E:E) -> 4533 | G12: =IFERROR(B12/F12,0) -> 1044.0254 | H12: =IF(D12>=1,"✅ Achieved","⚠️ Below Target") -> ⚠️ Below Target
A13: September | B13: =SUMIF('Raw Data'!B:B,A13,'Raw Data'!G:G) -> 3688891 | C13: =SUMIF('Raw Data'!B:B,A13,'Raw Data'!H:H) -> 3657718 | D13: =IFERROR(B13/C13,0) -> 1.0085225 | E13: =IFERROR((B13-B12)/B12,0) -> -0.22053063 | F13: =SUMIF('Raw Data'!B:B,A13,'Raw Data'!E:E) -> 4309 | G13: =IFERROR(B13/F13,0) -> 856.08981 | H13: =IF(D13>=1,"✅ Achieved","⚠️ Below Target") -> ✅ Achieved
A14: October | B14: =SUMIF('Raw Data'!B:B,A14,'Raw Data'!G:G) -> 3926202 | C14: =SUMIF('Raw Data'!B:B,A14,'Raw Data'!H:H) -> 3937240 | D14: =IFERROR(B14/C14,0) -> 0.99719651 | E14: =IFERROR((B14-B13)/B13,0) -> 0.064331258 | F14: =SUMIF('Raw Data'!B:B,A14,'Raw Data'!E:E) -> 4398 | G14: =IFERROR(B14/F14,0) -> 892.72442 | H14: =IF(D14>=1,"✅ Achieved","⚠️ Below Target") -> ⚠️ Below Target
A15: November | B15: =SUMIF('Raw Data'!B:B,A15,'Raw Data'!G:G) -> 4141398 | C15: =SUMIF('Raw Data'!B:B,A15,'Raw Data'!H:H) -> 4156139 | D15: =IFERROR(B15/C15,0) -> 0.9964532 | E15: =IFERROR((B15-B14)/B14,0) -> 0.054810221 | F15: =SUMIF('Raw Data'!B:B,A15,'Raw Data'!E:E) -> 4302 | G15: =IFERROR(B15/F15,0) -> 962.66806 | H15: =IF(D15>=1,"✅ Achieved","⚠️ Below Target") -> ⚠️ Below Target
A16: December | B16: =SUMIF('Raw Data'!B:B,A16,'Raw Data'!G:G) -> 3649374 | C16: =SUMIF('Raw Data'!B:B,A16,'Raw Data'!H:H) -> 3702910 | D16: =IFERROR(B16/C16,0) -> 0.98554218 | E16: =IFERROR((B16-B15)/B15,0) -> -0.11880626 | F16: =SUMIF('Raw Data'!B:B,A16,'Raw Data'!E:E) -> 4526 | G16: =IFERROR(B16/F16,0) -> 806.3133 | H16: =IF(D16>=1,"✅ Achieved","⚠️ Below Target") -> ⚠️ Below Target
A17: TOTAL / AVERAGE | B17: =SUM(B5:B16) -> 48984722 | C17: =SUM(C5:C16) -> 48915978 | D17: =IFERROR(B17/C17,0) -> 1.0014053 | E17: =IFERROR((B16-B5)/B5,0) -> -0.064265476 | F17: =SUM(F5:F16) -> 52578 | G17: =IFERROR(B17/F17,0) -> 931.65815 | H17: =IF(D17>=1,"✅ On Track","⚠️ Review") -> ✅ On Track

Sheet Weekly MIS
A1: WEEKLY MIS REPORT — Q1 2024 (JAN–MAR)
A3: Week | B3: Sales (Rs.) | C3: Target (Rs.) | D3: Achievement % | E3: WOW Growth % | F3: Units | G3: Status
A4: Week 1 (Jan 1-7) | B4: 1647203 | C4: 1600061 | D4: =IFERROR(B4/C4,0) -> 1.0294626 | E4: N/A | F4: 383 | G4: =IF(D4>=1,"✅ On Track","⚠️ Below") -> ✅ On Track
A5: Week 2 (Jan 8-14) | B5: 1282895 | C5: 1205438 | D5: =IFERROR(B5/C5,0) -> 1.0642563 | E5: =IFERROR((B5-B4)/B4,0) -> -0.22116764 | F5: 288 | G5: =IF(D5>=1,"✅ On Track","⚠️ Below") -> ✅ On Track
A6: Week 3 (Jan 15-21) | B6: 1326701 | C6: 1399626 | D6: =IFERROR(B6/C6,0) -> 0.9478968 | E6: =IFERROR((B6-B5)/B5,0) -> 0.034146208 | F6: 743 | G6: =IF(D6>=1,"✅ On Track","⚠️ Below") -> ⚠️ Below
A7: Week 4 (Jan 22-31) | B7: 2235099 | C7: 2342645 | D7: =IFERROR(B7/C7,0) -> 0.95409206 | E7: =IFERROR((B7-B6)/B6,0) -> 0.68470439 | F7: 291 | G7: =IF(D7>=1,"✅ On Track","⚠️ Below") -> ⚠️ Below
A8: Week 5 (Feb 1-7) | B8: 2108454 | C8: 2103026 | D8: =IFERROR(B8/C8,0) -> 1.002581 | E8: =IFERROR((B8-B7)/B7,0) -> -0.05666192 | F8: 631 | G8: =IF(D8>=1,"✅ On Track","⚠️ Below") -> ✅ On Track
A9: Week 6 (Feb 8-14) | B9: 2314616 | C9: 2377508 | D9: =IFERROR(B9/C9,0) -> 0.97354709 | E9: =IFERROR((B9-B8)/B8,0) -> 0.097778752 | F9: 421 | G9: =IF(D9>=1,"✅ On Track","⚠️ Below") -> ⚠️ Below
A10: Week 7 (Feb 15-21) | B10: 2462232 | C10: 2699787 | D10: =IFERROR(B10/C10,0) -> 0.91200973 | E10: =IFERROR((B10-B9)/B9,0) -> 0.06377559 | F10: 582 | G10: =IF(D10>=1,"✅ On Track","⚠️ Below") -> ⚠️ Below
A11: Week 8 (Feb 22-28) | B11: 1613929 | C11: 1753950 | D11: =IFERROR(B11/C11,0) -> 0.92016819 | E11: =IFERROR((B11-B10)/B10,0) -> -0.34452602 | F11: 417 | G11: =IF(D11>=1,"✅ On Track","⚠️ Below") -> ⚠️ Below
A12: Week 9 (Mar 1-7) | B12: 1119347 | C12: 1108999 | D12: =IFERROR(B12/C12,0) -> 1.0093309 | E12: =IFERROR((B12-B11)/B11,0) -> -0.30644595 | F12: 383 | G12: =IF(D12>=1,"✅ On Track","⚠️ Below") -> ✅ On Track
A13: Week 10 (Mar 8-14) | B13: 1988906 | C13: 1911962 | D13: =IFERROR(B13/C13,0) -> 1.0402435 | E13: =IFERROR((B13-B12)/B12,0) -> 0.77684489 | F13: 741 | G13: =IF(D13>=1,"✅ On Track","⚠️ Below") -> ✅ On Track
A14: Week 11 (Mar 15-21) | B14: 2220563 | C14: 2366839 | D14: =IFERROR(B14/C14,0) -> 0.93819774 | E14: =IFERROR((B14-B13)/B13,0) -> 0.11647458 | F14: 680 | G14: =IF(D14>=1,"✅ On Track","⚠️ Below") -> ⚠️ Below
A15: Week 12 (Mar 22-31) | B15: 1463494 | C15: 1429291 | D15: =IFERROR(B15/C15,0) -> 1.02393 | E15: =IFERROR((B15-B14)/B14,0) -> -0.34093561 | F15: 475 | G15: =IF(D15>=1,"✅ On Track","⚠️ Below") -> ✅ On Track
A16: Q1 TOTAL | B16: =SUM(B4:B15) -> 21783439 | C16: =SUM(C4:C15) -> 22299132 | D16: =IFERROR(B16/C16,0) -> 0.97687385 | F16: =SUM(F4:F15) -> 6035 | G16: =IF(D16>=1,"✅ On Track","⚠️ Below") -> ⚠️ Below

Sheet Product Analysis
A1: PRODUCT CATEGORY MIS REPORT — 2024
A3: Product Category | B3: Total Sales (Rs.) | C3: Target (Rs.) | D3: Achievement % | E3: Units Sold | F3: Avg Price (Rs.)
A4: Electronics | B4: =SUMIF('Raw Data'!D:D,A4,'Raw Data'!G:G) -> 9103736 | C4: =SUMIF('Raw Data'!D:D,A4,'Raw Data'!H:H) -> 9069086 | D4: =IFERROR(B4/C4,0) -> 1.0038207 | E4: =SUMIF('Raw Data'!D:D,A4,'Raw Data'!E:E) -> 10464 | F4: =IFERROR(B4/E4,0) -> 870.00535
A5: Clothing | B5: =SUMIF('Raw Data'!D:D,A5,'Raw Data'!G:G) -> 7733839 | C5: =SUMIF('Raw Data'!D:D,A5,'Raw Data'!H:H) -> 7813455 | D5: =IFERROR(B5/C5,0) -> 0.9898104 | E5: =SUMIF('Raw Data'!D:D,A5,'Raw Data'!E:E) -> 9961 | F5: =IFERROR(B5/E5,0) -> 776.41191
A6: Grocery | B6: =SUMIF('Raw Data'!D:D,A6,'Raw Data'!G:G) -> 12043222 | C6: =SUMIF('Raw Data'!D:D,A6,'Raw Data'!H:H) -> 11792729 | D6: =IFERROR(B6/C6,0) -> 1.0212413 | E6: =SUMIF('Raw Data'!D:D,A6,'Raw Data'!E:E) -> 10778 | F6: =IFERROR(B6/E6,0) -> 1117.3893
A7: Home Appliances | B7: =SUMIF('Raw Data'!D:D,A7,'Raw Data'!G:G) -> 9729901 | C7: =SUMIF('Raw Data'!D:D,A7,'Raw Data'!H:H) -> 9864597 | D7: =IFERROR(B7/C7,0) -> 0.98634551 | E7: =SUMIF('Raw Data'!D:D,A7,'Raw Data'!E:E) -> 10799 | F7: =IFERROR(B7/E7,0) -> 901.00019
A8: Sports | B8: =SUMIF('Raw Data'!D:D,A8,'Raw Data'!G:G) -> 10374024 | C8: =SUMIF('Raw Data'!D:D,A8,'Raw Data'!H:H) -> 10376111 | D8: =IFERROR(B8/C8,0) -> 0.99979886 | E8: =SUMIF('Raw Data'!D:D,A8,'Raw Data'!E:E) -> 10576 | F8: =IFERROR(B8/E8,0) -> 980.90242
A9: GRAND TOTAL | B9: =SUM(B4:B8) -> 48984722 | C9: =SUM(C4:C8) -> 48915978 | D9: =IFERROR(B9/C9,0) -> 1.0014053 | E9: =SUM(E4:E8) -> 52578 | F9: =IFERROR(B9/E9,0) -> 931.65815

Sheet Regional Analysis
A1: REGIONAL SALES MIS REPORT — 2024
A2: Prepared by: Animesh Ruhela | Region-wise Performance Analysis
A4: Region | B4: Total Sales (Rs.) | C4: Target (Rs.) | D4: Achievement % | E4: Units Sold | F4: Avg Sale (Rs.) | G4: Rank
A5: North | B5: =SUMIF('Raw Data'!C:C,A5,'Raw Data'!G:G) -> 9681453 | C5: =SUMIF('Raw Data'!C:C,A5,'Raw Data'!H:H) -> 9751538 | D5: =IFERROR(B5/C5,0) -> 0.99281293 | E5: =SUMIF('Raw Data'!C:C,A5,'Raw Data'!E:E) -> 10447 | F5: =IFERROR(B5/E5,0) -> 926.72088 | G5: =RANK(B5,B5:B9,0) -> 4
A6: South | B6: =SUMIF('Raw Data'!C:C,A6,'Raw Data'!G:G) -> 9862999 | C6: =SUMIF('Raw Data'!C:C,A6,'Raw Data'!H:H) -> 9831682 | D6: =IFERROR(B6/C6,0) -> 1.0031853 | E6: =SUMIF('Raw Data'!C:C,A6,'Raw Data'!E:E) -> 11001 | F6: =IFERROR(B6/E6,0) -> 896.55477 | G6: =RANK(B6,B5:B9,0) -> 2
A7: East | B7: =SUMIF('Raw Data'!C:C,A7,'Raw Data'!G:G) -> 9831177 | C7: =SUMIF('Raw Data'!C:C,A7,'Raw Data'!H:H) -> 9839583 | D7: =IFERROR(B7/C7,0) -> 0.9991457 | E7: =SUMIF('Raw Data'!C:C,A7,'Raw Data'!E:E) -> 10923 | F7: =IFERROR(B7/E7,0) -> 900.04367 | G7: =RANK(B7,B5:B9,0) -> 3
A8: West | B8: =SUMIF('Raw Data'!C:C,A8,'Raw Data'!G:G) -> 9949077 | C8: =SUMIF('Raw Data'!C:C,A8,'Raw Data'!H:H) -> 9919467 | D8: =IFERROR(B8/C8,0) -> 1.002985 | E8: =SUMIF('Raw Data'!C:C,A8,'Raw Data'!E:E) -> 10323 | F8: =IFERROR(B8/E8,0) -> 963.77768 | G8: =RANK(B8,B5:B9,0) -> 1
A9: Central | B9: =SUMIF('Raw Data'!C:C,A9,'Raw Data'!G:G) -> 9660016 | C9: =SUMIF('Raw Data'!C:C,A9,'Raw Data'!H:H) -> 9573708 | D9: =IFERROR(B9/C9,0) -> 1.0090151 | E9: =SUMIF('Raw Data'!C:C,A9,'Raw Data'!E:E) -> 9884 | F9: =IFERROR(B9/E9,0) -> 977.33873 | G9: =RANK(B9,B5:B9,0) -> 5
A10: GRAND TOTAL | B10: =SUM(B5:B9) -> 48984722 | C10: =SUM(C5:C9) -> 48915978 | D10: =IFERROR(B10/C10,0) -> 1.0014053 | E10: =SUM(E5:E9) -> 52578 | F10: =IFERROR(B10/E10,0) -> 931.65815

Sheet KPI Dashboard
A1: KPI DASHBOARD — SALES MIS REPORT 2024 | L1: MONTHLY SALES vs TARGET TREND
A2: Prepared by: Animesh Ruhela | Tools: Excel, Pivot Tables, SUMIF, COUNTIF, DAX-style KPIs | L2: Month | M2: Sales | N2: Target
L3: January | M3: ='Monthly MIS Report'!B5 -> 3900010 | N3: ='Monthly MIS Report'!C5 -> 3719925
A4: TOTAL SALES | D4: TOTAL TARGET | G4: ACHIEVEMENT % | L4: February | M4: ='Monthly MIS Report'!B6 -> 4124991 | N4: ='Monthly MIS Report'!C6 -> 4118669
B5: ='Monthly MIS Report'!B17 -> 48984722 | E5: ='Monthly MIS Report'!C17 -> 48915978 | H5: =IFERROR('Monthly MIS Report'!D17,0) -> 1.0014053 | L5: March | M5: ='Monthly MIS Report'!B7 -> 3987163 | N5: ='Monthly MIS Report'!C7 -> 3985593
L6: April | M6: ='Monthly MIS Report'!B8 -> 4072306 | N6: ='Monthly MIS Report'!C8 -> 4199450
A7: TOTAL UNITS SOLD | D7: AVG SALE PER UNIT | G7: ANNUAL GROWTH | L7: May | M7: ='Monthly MIS Report'!B9 -> 3515793 | N7: ='Monthly MIS Report'!C9 -> 3585945
B8: ='Monthly MIS Report'!F17 -> 52578 | E8: ='Monthly MIS Report'!G17 -> 931.65815 | H8: ='Monthly MIS Report'!E17 -> -0.064265476 | L8: June | M8: ='Monthly MIS Report'!B10 -> 4425759 | N8: ='Monthly MIS Report'!C10 -> 4303496
L9: July | M9: ='Monthly MIS Report'!B11 -> 4820268 | N9: ='Monthly MIS Report'!C11 -> 4786397
A10: TOP PERFORMING REGION | L10: August | M10: ='Monthly MIS Report'!B12 -> 4732567 | N10: ='Monthly MIS Report'!C12 -> 4762496
A11: =INDEX('Regional Analysis'!A5:A9,MATCH(MAX('Regional Analysis'!B5:B9),'Regional Analysis'!B5:B9,0)) -> West | L11: September | M11: ='Monthly MIS Report'!B13 -> 3688891 | N11: ='Monthly MIS Report'!C13 -> 3657718
L12: October | M12: ='Monthly MIS Report'!B14 -> 3926202 | N12: ='Monthly MIS Report'!C14 -> 3937240
L13: November | M13: ='Monthly MIS Report'!B15 -> 4141398 | N13: ='Monthly MIS Report'!C15 -> 4156139
L14: December | M14: ='Monthly MIS Report'!B16 -> 3649374 | N14: ='Monthly MIS Report'!C16 -> 3702910
A17: REGIONAL SALES COMPARISON
A18: Region | B18: Sales | C18: Target
A19: North | B19: ='Regional Analysis'!B5 -> 9681453 | C19: ='Regional Analysis'!C5 -> 9751538
A20: South | B20: ='Regional Analysis'!B6 -> 9862999 | C20: ='Regional Analysis'!C6 -> 9831682
A21: East | B21: ='Regional Analysis'!B7 -> 9831177 | C21: ='Regional Analysis'!C7 -> 9839583
A22: West | B22: ='Regional Analysis'!B8 -> 9949077 | C22: ='Regional Analysis'!C8 -> 9919467
A23: Central | B23: ='Regional Analysis'!B9 -> 9660016 | C23: ='Regional Analysis'!C9 -> 9573708
